Base Ticker,Company Name,Preferred Stock,Last Price,Full Name,Weight (%),Market Value,Quantity,Original Name
BA,BOEING CO,BA-A,62.08,BOEING CO,3.85,510695908.94,8181607.0,BOEING CO
ORCL,ORACLE CORPORATION,ORCL-D,43.77,ORACLE CORPORATION,2.36,313163134.0,7122200.0,ORACLE CORPORATION
WFC,WELLS FARGO & COMPANY SERIES L,WFC-L,1145.5,WELLS FARGO & COMPANY SERIES L,2.27,301195980.0,264207.0,WELLS FARGO & COMPANY SERIES L
ALB,ALBEMARLE CORP,ALB-A,71.55,ALBEMARLE CORP,1.77,235045170.36,3272698.0,ALBEMARLE CORP
MSTR,STRATEGY INC,MSTR-A,99.96,STRATEGY INC,1.5,199102446.38,1992818.0,STRATEGY INC
C,CITIGROUP CAPITAL XIII,C-N,29.41,CITIGROUP CAPITAL XIII,1.42,188679677.76,6391588.0,CITIGROUP CAPITAL XIII
BAC,BANK OF AMERICA CORP,BAC-L,1191.32,BANK OF AMERICA CORP,1.35,179158802.7,150769.0,BANK OF AMERICA CORP
NEE,NEXTERA ENERGY UNITS INC,NEE-S,56.34,NEXTERA ENERGY UNITS INC,1.19,158478703.7,2845730.0,NEXTERA ENERGY UNITS INC
SO,SOUTHERN COMPANY (THE),SOMN,52.05,SOUTHERN COMPANY (THE),1.1,145676594.7,2844135.0,SOUTHERN COMPANY (THE)
KKR,KKR & CO INC,KKR-C,0.0,KKR & CO INC,1.07,142589646.09,3681633.0,KKR & CO INC
HPE,HEWLETT PACKARD ENTERPRISE CONV PR,HPE-C,63.79,HEWLETT PACKARD ENTERPRISE CONV PR,1.05,139670751.52,2134333.0,HEWLETT PACKARD ENTERPRISE CONV PR
XTSLA,BLK CSH FND TREASURY SL AGENCY,XTSLA,0.0,BLK CSH FND TREASURY SL AGENCY,1.02,135539293.06,135539293.0,BLK CSH FND TREASURY SL AGENCY
JPM,JPMORGAN CHASE & CO,JPDCX,0.0,JPMORGAN CHASE & CO,0.99,130880988.92,5264722.0,JPMORGAN CHASE & CO
JPM,JPMORGAN CHASE & CO,JPDCX,0.0,JPMORGAN CHASE & CO,0.88,117393612.8,4827040.0,JPMORGAN CHASE & CO
MCHP,MICROCHIP TECHNOLOGY INCORPORATED,MCHP,59.71,MICROCHIP TECHNOLOGY INCORPORATED,0.88,117110475.45,2112954.0,MICROCHIP TECHNOLOGY INCORPORATED
APO,APOLLO GLOBAL MANAGEMENT INC,APO,109.69,APOLLO GLOBAL MANAGEMENT INC,0.87,115972819.2,2045376.0,APOLLO GLOBAL MANAGEMENT INC
NEE,NEXTERA ENERGY UNITS INC,NEE,92.25,NEXTERA ENERGY UNITS INC,0.83,110686509.38,2134333.0,NEXTERA ENERGY UNITS INC
JPM,JPMORGAN CHASE NON-CUMULATIVE PREF,JPDCX,0.0,JPMORGAN CHASE NON-CUMULATIVE PREF,0.75,100187659.66,5264722.0,JPMORGAN CHASE NON-CUMULATIVE PREF
WFC,WELLS FARGO & COMPANY,WFC,77.07,WELLS FARGO & COMPANY,0.75,99902001.1,5342353.0,WELLS FARGO & COMPANY
JPM,JPMORGAN CHASE AND CO DS REPSTG T,JPDCX,0.0,JPMORGAN CHASE AND CO DS REPSTG T,0.75,99657324.52,5691452.0,JPMORGAN CHASE AND CO DS REPSTG T
PCG,PG&E CORPORATION,PCG,17.5,PG&E CORPORATION,0.73,97130132.0,2290805.0,PG&E CORPORATION
T,AT&T INC,T,29.06,AT&T INC,0.69,92081364.87,4980063.0,AT&T INC
MSTR,STRATEGY INC,MSTR-A,99.96,STRATEGY INC,0.64,84715291.25,884755.0,STRATEGY INC
T,AT&T INC,T,29.06,AT&T INC,0.61,80952411.78,3763478.0,AT&T INC
BTSG,BRIGHTSPRING HEALTH SERVICES UNITS,BTSG,41.87,BRIGHTSPRING HEALTH SERVICES UNITS,0.61,80834253.8,569095.0,BRIGHTSPRING HEALTH SERVICES UNITS
JPM,JPMORGAN CHASE DRC,JPDCX,0.0,JPMORGAN CHASE DRC,0.6,79909446.24,4268667.0,JPMORGAN CHASE DRC
COF,CAPITAL ONE FINANCIAL CORPORATION,COF,177.67,CAPITAL ONE FINANCIAL CORPORATION,0.6,79354519.53,4268667.0,CAPITAL ONE FINANCIAL CORPORATION
ARES,ARES MANAGEMENT CORP,ARES,107.02,ARES MANAGEMENT CORP,0.58,77006734.64,2134333.0,ARES MANAGEMENT CORP
MS,MORGAN STANLEY,MS,158.6,MORGAN STANLEY,0.55,72850688.0,2845730.0,MORGAN STANLEY
GS,GOLDMAN SACHS GROUP INC,GS,808.14,GOLDMAN SACHS GROUP INC,0.55,72837570.24,3841644.0,GOLDMAN SACHS GROUP INC
MS,MORGAN STANLEY,MS,158.6,MORGAN STANLEY,0.54,72167712.8,2845730.0,MORGAN STANLEY
MSTR,STRATEGY INC,MSTR-A,99.96,STRATEGY INC,0.54,71865842.16,992348.0,STRATEGY INC
MS,MORGAN STANLEY DS REPRESENTING F,MS,158.6,MORGAN STANLEY DS REPRESENTING F,0.54,71313993.8,2845730.0,MORGAN STANLEY DS REPRESENTING F
DUK,DUKE ENERGY CORP,DUK,132.35,DUKE ENERGY CORP,0.52,69578098.5,2845730.0,DUKE ENERGY CORP
MS,MORGAN STANLEY,MS,158.6,MORGAN STANLEY,0.51,68183690.8,2845730.0,MORGAN STANLEY
T,AT&T INC,T,29.06,AT&T INC,0.51,67377634.32,3414984.0,AT&T INC
ALL,ALLSTATE CORPORATION (THE),ALL,208.03,ALLSTATE CORPORATION (THE),0.5,65846361.84,3272682.0,ALLSTATE CORPORATION (THE)
MSTR,STRATEGY INC,MSTR-A,99.96,STRATEGY INC,0.49,65402856.71,892141.0,STRATEGY INC
BAC,BANK OF AMERICA CORP,BAC,47.23,BANK OF AMERICA CORP,0.49,64622723.72,2624806.0,BANK OF AMERICA CORP
MS,MORGAN STANLEY,MS,158.6,MORGAN STANLEY,0.48,63777862.88,3699412.0,MORGAN STANLEY
COF,CAPITAL ONE FINANCIAL CORPORATION,COF,177.67,CAPITAL ONE FINANCIAL CORPORATION,0.47,63034487.72,3557251.0,CAPITAL ONE FINANCIAL CORPORATION
MS,MORGAN STANLEY,MS,158.6,MORGAN STANLEY,0.47,62861230.38,2454558.0,MORGAN STANLEY
XEL,XCEL ENERGY INC,XEL,79.46,XCEL ENERGY INC,0.47,62712650.0,2559700.0,XCEL ENERGY INC
NEE,NEXTERA ENERGY CAPITAL HOLDINGS IN,NEE,92.25,NEXTERA ENERGY CAPITAL HOLDINGS IN,0.47,62104743.63,2491175.0,NEXTERA ENERGY CAPITAL HOLDINGS IN
MS,MORGAN STANLEY DS,MS,158.6,MORGAN STANLEY DS,0.46,61465011.3,2418930.0,MORGAN STANLEY DS
MS,MORGAN STANLEY,MS,158.6,MORGAN STANLEY,0.45,59790429.9,3130389.0,MORGAN STANLEY
ATH,ATHENE HOLDING DS REPRESENTING P,ATH-A,23.59,ATHENE HOLDING DS REPRESENTING P,0.44,58173024.6,2454558.0,ATHENE HOLDING DS REPRESENTING P
BAC,BANK AMER DS REPRESENTING NON CU,BAC,47.23,BANK AMER DS REPRESENTING NON CU,0.44,57805217.88,2683622.0,BANK AMER DS REPRESENTING NON CU
WFC,WELLS FARGO & COMPANY,WFC,77.07,WELLS FARGO & COMPANY,0.43,56598962.42,3061058.0,WELLS FARGO & COMPANY
C,CITIGROUP INC,C-N,29.41,CITIGROUP INC,0.42,55623092.04,2269404.0,CITIGROUP INC
SO,SOUTHERN COMPANY (THE),GPJA,21.89,SOUTHERN COMPANY (THE),0.42,55577106.9,2845730.0,SOUTHERN COMPANY (THE)
WFC,WELLS FARGO & COMPANY,WFC,77.07,WELLS FARGO & COMPANY,0.42,55289500.92,3267701.0,WELLS FARGO & COMPANY
MTB,M T BK DEP INT PERP PFD STK SER J,MTB-J,25.65,M T BK DEP INT PERP PFD STK SER J,0.41,54681611.46,2134333.0,M T BK DEP INT PERP PFD STK SER J
BRKR,BRUKER CORPORATION,BRKR,34.28,BRUKER CORPORATION,0.4,53309330.78,196409.0,BRUKER CORPORATION
CTL,QWEST CORP,CTBB,18.9,QWEST CORP,0.4,52684716.16,2781664.0,QWEST CORP
MET,METLIFE INC,MET,68.51,METLIFE INC,0.4,52503718.5,2845730.0,METLIFE INC
SCHW,CHARLES SCHWAB CORPORATION (THE),SCHW,92.83,CHARLES SCHWAB CORPORATION (THE),0.39,52035062.92,2134334.0,CHARLES SCHWAB CORPORATION (THE)
USB,US BANCORP,1USB.MI,0.0,US BANCORP,0.39,51906261.12,2845738.0,US BANCORP
BAC,BANK OF AMERICA CORP,BAC,47.23,BANK OF AMERICA CORP,0.39,51543466.46,2036084.0,BANK OF AMERICA CORP
MET,METLIFE INC,MET,68.51,METLIFE INC,0.39,51451480.3,2290805.0,METLIFE INC
NLY,ANNALY CAPITAL MANAGEMENT INC,NLY,21.27,ANNALY CAPITAL MANAGEMENT INC,0.39,51246690.48,2049048.0,ANNALY CAPITAL MANAGEMENT INC
BAC,BANK OF AMERICA CORPORATION DEPOSI,BAC,47.23,BANK OF AMERICA CORPORATION DEPOSI,0.38,50739983.42,2523122.0,BANK OF AMERICA CORPORATION DEPOSI
AEGON,AEGON FUNDING CORPORATION II,AEGON,0.0,AEGON FUNDING CORPORATION II,0.38,50565522.5,2632250.0,AEGON FUNDING CORPORATION II
RGA,REINSURANCE GROUP OF AMERICA INCOR,RGA,200.67,REINSURANCE GROUP OF AMERICA INCOR,0.38,50504374.05,1992283.0,REINSURANCE GROUP OF AMERICA INCOR
JPM,JPMORGAN CHASE & CO,JPDCX,0.0,JPMORGAN CHASE & CO,0.38,50147160.36,2561142.0,JPMORGAN CHASE & CO
TFC,TRUIST FINANCIAL DRC CORP,TFC,44.62,TRUIST FINANCIAL DRC CORP,0.36,48065031.08,2632258.0,TRUIST FINANCIAL DRC CORP
WFC,WELLS FARGO & COMPANY,WFC,77.07,WELLS FARGO & COMPANY,0.35,46704609.76,2728073.0,WELLS FARGO & COMPANY
NOVTV,NOVANTA TANGIBLE EQUITY UNITS INC,NOVTV,0.0,NOVANTA TANGIBLE EQUITY UNITS INC,0.35,46609394.51,899969.0,NOVANTA TANGIBLE EQUITY UNITS INC
EQH,EQUITABLE HLDNGS DRC REPRESENTING,EQH,35.89,EQUITABLE HLDNGS DRC REPRESENTING,0.34,45635403.17,2320051.0,EQUITABLE HLDNGS DRC REPRESENTING
SRE,SEMPRA ENERGY,SRE,97.23,SEMPRA ENERGY,0.34,45633226.37,2155561.0,SEMPRA ENERGY
NEE,NEXTERA ENERGY CAPITAL HOLDINGS IN,NEE,92.25,NEXTERA ENERGY CAPITAL HOLDINGS IN,0.34,45625160.24,1956482.0,NEXTERA ENERGY CAPITAL HOLDINGS IN
F,FORD MOTOR COMPANY,F,11.17,FORD MOTOR COMPANY,0.34,45259523.68,2276636.0,FORD MOTOR COMPANY
ALL,ALLSTATE DEP REPSTG TH NON CUM PE,ALL,208.03,ALLSTATE DEP REPSTG TH NON CUM PE,0.33,44442919.19,1707373.0,ALLSTATE DEP REPSTG TH NON CUM PE
QXO,QXO INC,QXO,18.15,QXO INC,0.33,44244632.64,818133.0,QXO INC
F,FORD MOTOR COMPANY,F,11.17,FORD MOTOR COMPANY,0.33,43326980.2,2134334.0,FORD MOTOR COMPANY
APO,APOLLO GLOBAL MANAGEMENT INC,APO,109.69,APOLLO GLOBAL MANAGEMENT INC,0.33,43247960.73,1707381.0,APOLLO GLOBAL MANAGEMENT INC
BAC,BANK OF AMERICA CORP,BAC,47.23,BANK OF AMERICA CORP,0.32,42144312.0,2508590.0,BANK OF AMERICA CORP
WFC,WELLS FARGO & COMPANY,WFC,77.07,WELLS FARGO & COMPANY,0.31,41788506.21,1783547.0,WELLS FARGO & COMPANY
KEY,KEYCORP,KEY,19.39,KEYCORP,0.31,41489163.9,1707373.0,KEYCORP
DTE,DTE ENERGY COMPANY,DTE,146.85,DTE ENERGY COMPANY,0.31,40891583.35,1707373.0,DTE ENERGY COMPANY
CMS,CMS ENERGY CORPORATION,CMS,77.56,CMS ENERGY CORPORATION,0.31,40626864.74,1792889.0,CMS ENERGY CORPORATION
GS,GOLDMAN SACHS GROUP INC,GS,808.14,GOLDMAN SACHS GROUP INC,0.3,40508463.58,2134271.0,GOLDMAN SACHS GROUP INC
JXN,JACKSON FINANCIAL INC,JXN,103.36,JACKSON FINANCIAL INC,0.3,40386184.92,1595031.0,JACKSON FINANCIAL INC
SO,SOUTHERN COMPANY (THE),GPJA,21.89,SOUTHERN COMPANY (THE),0.3,40197925.0,1607917.0,SOUTHERN COMPANY (THE)
BAC,BANK OF AMERICA DEP REPRESENTING,BAC,47.23,BANK OF AMERICA DEP REPRESENTING,0.3,40114598.85,1644715.0,BANK OF AMERICA DEP REPRESENTING
SYF,SYNCHRONY FINANCIAL,SYF,65.66,SYNCHRONY FINANCIAL,0.3,40016224.36,2133061.0,SYNCHRONY FINANCIAL
AGNC,AGNC INVESTMENT CORP,AGNC,9.89,AGNC INVESTMENT CORP,0.3,39712175.82,1636266.0,AGNC INVESTMENT CORP
CHSINC,CHS CUMULATIVE REDEEMABLE PREF CLA,CHSCP,27.79,CHS CUMULATIVE REDEEMABLE PREF CLA,0.3,39664107.66,1526717.0,CHS CUMULATIVE REDEEMABLE PREF CLA
FOUR,SHIFT4 PAYMENTS INC,FOUR,42.26,SHIFT4 PAYMENTS INC,0.3,39339756.4,711388.0,SHIFT4 PAYMENTS INC
CRBG,COREBRIDGE FINANCIAL INC,CRBG,22.72,COREBRIDGE FINANCIAL INC,0.29,39030729.66,1707381.0,COREBRIDGE FINANCIAL INC
KKR,KKR & CO INC,KKRS,16.31,KKR & CO INC,0.29,39022353.72,1679103.0,KKR & CO INC
ATH,ATHENE HOLDING LTD,ATH-A,23.59,ATHENE HOLDING LTD,0.29,38779480.5,1636265.0,ATHENE HOLDING LTD
LNC,LINCOLN NATIONAL CORPORATION,LNC,34.22,LINCOLN NATIONAL CORPORATION,0.29,38252081.58,1450041.0,LINCOLN NATIONAL CORPORATION
EIX,SCE TRUST VII,SCE-M,24.45,SCE TRUST VII,0.29,38219229.18,1565079.0,SCE TRUST VII
PRU,PRUDENTIAL FINANCIAL INC,PRU,94.6,PRUDENTIAL FINANCIAL INC,0.28,37405084.0,1626308.0,PRUDENTIAL FINANCIAL INC
CHSINC,CHS INC,CHSCP,27.79,CHS INC,0.28,37302807.09,1472673.0,CHS INC
CTL,QWEST CORP,CTBB,18.9,QWEST CORP,0.28,36625797.0,1878246.0,QWEST CORP
F,FORD MOTOR COMPANY,F,11.17,FORD MOTOR COMPANY,0.28,36589003.39,1707373.0,FORD MOTOR COMPANY
ALL,ALLSTATE CORPORATION (THE),ALL,208.03,ALLSTATE CORPORATION (THE),0.28,36555457.05,1422945.0,ALLSTATE CORPORATION (THE)
SO,SOUTHERN COMPANY (THE),GPJA,21.89,SOUTHERN COMPANY (THE),0.27,36475750.97,2134333.0,SOUTHERN COMPANY (THE)
BANC,BANC OF CALIFORNIA INC,BANC,16.97,BANC OF CALIFORNIA INC,0.27,36425767.84,1460536.0,BANC OF CALIFORNIA INC
BAC,BANK OF AMERICA CORP,BAC,47.23,BANK OF AMERICA CORP,0.27,35956986.96,2073644.0,BANK OF AMERICA CORP
USB,US BANCORP,1USB.MI,0.0,US BANCORP,0.27,35834225.4,1636266.0,US BANCORP
SYF,SYNCHRONY FINANCIAL,SYF,65.66,SYNCHRONY FINANCIAL,0.27,35772837.3,1422945.0,SYNCHRONY FINANCIAL
TDS,TELEPHONE AND DATA SYSTEMS INC,TDS,42.77,TELEPHONE AND DATA SYSTEMS INC,0.27,35736264.2,1963531.0,TELEPHONE AND DATA SYSTEMS INC
MET,METLIFE INC,MET,68.51,METLIFE INC,0.27,35684095.7,1707373.0,METLIFE INC
RF,REGIONS FINANCIAL CORPORATION,RF,25.22,REGIONS FINANCIAL CORPORATION,0.27,35573625.0,1422945.0,REGIONS FINANCIAL CORPORATION
BK,BANK OF NEW YORK MELLON CORP/THE,BK,115.12,BANK OF NEW YORK MELLON CORP/THE,0.27,35573925.0,1422957.0,BANK OF NEW YORK MELLON CORP/THE
ATH,ATHENE HLDG LTD DEP SHR REPSTG I,ATH-A,23.59,ATHENE HLDG LTD DEP SHR REPSTG I,0.27,35374412.7,1422945.0,ATHENE HLDG LTD DEP SHR REPSTG I
KEY,KEYCORP,KEY,19.39,KEYCORP,0.27,35260577.1,1422945.0,KEYCORP
CHSINC,CHS RESET RATE CUMULATIVE REDEEMAB,CHSCP,27.79,CHS RESET RATE CUMULATIVE REDEEMAB,0.26,34174814.52,1402907.0,CHS RESET RATE CUMULATIVE REDEEMAB
TFC,TRUIST FINANCIAL PERPETUAL PREF SE,TFC,44.62,TRUIST FINANCIAL PERPETUAL PREF SE,0.26,33968861.4,1636265.0,TRUIST FINANCIAL PERPETUAL PREF SE
RF,REGIONS FINANCIAL CORPORATION,RF,25.22,REGIONS FINANCIAL CORPORATION,0.25,33723796.5,1422945.0,REGIONS FINANCIAL CORPORATION
USB,US BANCORP,1USB.MI,0.0,US BANCORP,0.25,33638067.9,2134341.0,US BANCORP
DUK,DUKE ENERGY CORP,DUK,132.35,DUKE ENERGY CORP,0.25,33389404.43,1422945.0,DUKE ENERGY CORP
RITM,NEW RESIDENTIAL INVESTMENT CORP,14N1.SG,8.02,NEW RESIDENTIAL INVESTMENT CORP,0.24,32381885.1,1323330.0,NEW RESIDENTIAL INVESTMENT CORP
FITB,FIFTH THIRD BANCORP DEPOSITARY SHA,FITB,44.57,FIFTH THIRD BANCORP DEPOSITARY SHA,0.24,32310824.73,1280651.0,FIFTH THIRD BANCORP DEPOSITARY SHA
AXS,AXIS CAPITAL HOLDINGS LTD,AXV.F,82.0,AXIS CAPITAL HOLDINGS LTD,0.24,31693265.97,1595031.0,AXIS CAPITAL HOLDINGS LTD
MTB,M&T BANK CORPORATION,MTB,201.4,M&T BANK CORPORATION,0.24,31637892.0,1279850.0,M&T BANK CORPORATION
USB,US BANCORP,1USB.MI,0.0,US BANCORP,0.24,31404417.92,40838.0,US BANCORP
WTFC,WINTRUST FINANCIAL CORPORATION,WTFC,132.58,WINTRUST FINANCIAL CORPORATION,0.24,31349091.0,1211325.0,WINTRUST FINANCIAL CORPORATION
NLY,ANNALY CAPITAL MANAGEMENT INC,NLY,21.27,ANNALY CAPITAL MANAGEMENT INC,0.24,31317256.92,1259213.0,ANNALY CAPITAL MANAGEMENT INC
COF,CAPITAL ONE FINANCIAL CORPORATION,COF,177.67,CAPITAL ONE FINANCIAL CORPORATION,0.24,31252278.31,1920853.0,CAPITAL ONE FINANCIAL CORPORATION
STT,STATE STREET CORP,STT,123.2,STATE STREET CORP,0.23,30920594.85,1422945.0,STATE STREET CORP
BPY,BROOKFIELD PROPERTY PREFERRED PREF,BPY,0.0,BROOKFIELD PROPERTY PREFERRED PREF,0.23,30671050.74,1909779.0,BROOKFIELD PROPERTY PREFERRED PREF
SCHW,CHARLES SCHWAB CORPORATION (THE),SCHW,92.83,CHARLES SCHWAB CORPORATION (THE),0.23,30374165.67,1707373.0,CHARLES SCHWAB CORPORATION (THE)
FLG,NEW YORK COMMUNITY BANCORP INT FXD,FLG,13.0,NEW YORK COMMUNITY BANCORP INT FXD,0.23,30235802.49,1465623.0,NEW YORK COMMUNITY BANCORP INT FXD
CHSINC,CHS INC,CHSCP,27.79,CHS INC,0.22,29818618.25,1195135.0,CHS INC
NLY,ANNALY CAPITAL MANAGEMENT INC,NLY,21.27,ANNALY CAPITAL MANAGEMENT INC,0.22,29631500.5,1209449.0,ANNALY CAPITAL MANAGEMENT INC
FITBM,FIFTH THIRD BANCORP DEPOSITARY SHA,FITBM,26.09,FIFTH THIRD BANCORP DEPOSITARY SHA,0.22,29494829.87,1138357.0,FIFTH THIRD BANCORP DEPOSITARY SHA
CFG,CITIZENS FINANCIAL GROUP INC,CFG,57.39,CITIZENS FINANCIAL GROUP INC,0.22,28976266.51,1138333.0,CITIZENS FINANCIAL GROUP INC
PSA,PUBLIC STORAGE,PSA,267.29,PUBLIC STORAGE,0.22,28878189.32,1607917.0,PUBLIC STORAGE
BAC,BANK OF AMERICA DRC CORP,BAC,47.23,BANK OF AMERICA DRC CORP,0.22,28878167.68,1752316.0,BANK OF AMERICA DRC CORP
AMG,AFFILIATED MANAGERS GROUP INC.,AMG,268.89,AFFILIATED MANAGERS GROUP INC.,0.22,28853067.03,1280651.0,AFFILIATED MANAGERS GROUP INC.
MS,MORGAN STANLEY,MS,158.6,MORGAN STANLEY,0.22,28729259.55,1422945.0,MORGAN STANLEY
AGNC,AGNC INVESTMENT CORP,AGNC,9.89,AGNC INVESTMENT CORP,0.22,28656737.58,1145399.0,AGNC INVESTMENT CORP
RGA,REINSURANCE GROUP OF AMERICA INCOR,RGA,200.67,REINSURANCE GROUP OF AMERICA INCOR,0.21,28458725.0,1138349.0,REINSURANCE GROUP OF AMERICA INCOR
CFG,CITIZENS FINANCIAL GROUP INC,CFG,57.39,CITIZENS FINANCIAL GROUP INC,0.21,28390424.06,1138349.0,CITIZENS FINANCIAL GROUP INC
FCNCA,FIRST CITIZENS BANCSHARES INC (DEL,FCNCA,1838.81,FIRST CITIZENS BANCSHARES INC (DEL,0.21,27893026.08,1139421.0,FIRST CITIZENS BANCSHARES INC (DEL
TPG,TPG OPERATING GROUP II LP,TPG,39.61,TPG OPERATING GROUP II LP,0.21,27696031.17,1138349.0,TPG OPERATING GROUP II LP
KEY,KEYCORP,KEY,19.39,KEYCORP,0.2,27136994.69,1280651.0,KEYCORP
TMUS,T-MOBILE USA INC,TMUS,215.68,T-MOBILE USA INC,0.2,26908601.76,1119792.0,T-MOBILE USA INC
SO,SOUTHERN COMPANY (THE),GPJA,21.89,SOUTHERN COMPANY (THE),0.2,26739992.88,1280651.0,SOUTHERN COMPANY (THE)
PSA,PUBLIC STORAGE,PSA,267.29,PUBLIC STORAGE,0.2,26355684.68,1718102.0,PUBLIC STORAGE
ATH,ATHENE HOLDING DS REPRESENTING A,ATH-A,23.59,ATHENE HOLDING DS REPRESENTING A,0.2,26327503.85,1636265.0,ATHENE HOLDING DS REPRESENTING A
RITM,NEW RESIDENTIAL INVESTMENT CORP,14N1.SG,8.02,NEW RESIDENTIAL INVESTMENT CORP,0.2,26251078.4,1131512.0,NEW RESIDENTIAL INVESTMENT CORP
PNFP,PINNACLE FINANCIAL PARTNERS NON CU,PNFP,83.59,PINNACLE FINANCIAL PARTNERS NON CU,0.19,25626668.32,995984.0,PINNACLE FINANCIAL PARTNERS NON CU
KEY,KEYCORP,KEY,19.39,KEYCORP,0.19,25616468.7,1209465.0,KEYCORP
AQNCN,ALGONQUIN POWER & UTILITIES CORP,AQN,6.24,ALGONQUIN POWER & UTILITIES CORP,0.19,25487230.56,995984.0,ALGONQUIN POWER & UTILITIES CORP
HBAN,HUNTINGTON BANCSHARES DRC INC,HBAN,15.07,HUNTINGTON BANCSHARES DRC INC,0.19,25054412.35,1469467.0,HUNTINGTON BANCSHARES DRC INC
BAC,BANK OF AMERICA CORP,BAC,47.23,BANK OF AMERICA CORP,0.19,24974178.39,1313739.0,BANK OF AMERICA CORP
TRPCN,TRANSCANADA PIPELINES LTD,TRPCN,0.0,TRANSCANADA PIPELINES LTD,0.19,24840104.87,1052993.0,TRANSCANADA PIPELINES LTD
AGNC,AGNC INVESTMENT CORP,AGNC,9.89,AGNC INVESTMENT CORP,0.19,24714070.62,981886.0,AGNC INVESTMENT CORP
TDS,TELEPHONE DATA SYS DRC INC,TDS,42.77,TELEPHONE DATA SYS DRC INC,0.18,24404656.7,1195135.0,TELEPHONE DATA SYS DRC INC
TMUS,T-MOBILE USA INC,TMUS,215.68,T-MOBILE USA INC,0.18,24386305.94,1140613.0,T-MOBILE USA INC
HIG,HARTFORD FINANCIAL SERVICES GROUP,HIG,134.6,HARTFORD FINANCIAL SERVICES GROUP,0.18,24360641.28,981888.0,HARTFORD FINANCIAL SERVICES GROUP
TMUS,T-MOBILE USA INC,TMUS,215.68,T-MOBILE USA INC,0.18,24334381.86,1123471.0,T-MOBILE USA INC
CG,CARLYLE FINANCE LLC,CG,47.0,CARLYLE FINANCE LLC,0.18,24318130.05,1422945.0,CARLYLE FINANCE LLC
FG,F&G ANNUITIES & LIFE INC,FG,24.94,F&G ANNUITIES & LIFE INC,0.18,24282016.05,981885.0,F&G ANNUITIES & LIFE INC
PRU,PRUDENTIAL FINANCIAL INC,PRU,94.6,PRUDENTIAL FINANCIAL INC,0.18,24178660.8,1439206.0,PRUDENTIAL FINANCIAL INC
CFG,CITIZENS FINANCIAL GROUP INC,CFG,57.39,CITIZENS FINANCIAL GROUP INC,0.18,24165884.37,1280651.0,CITIZENS FINANCIAL GROUP INC
CHSINC,CHS INC. (8% CUMULATIVE REDEEMABLE,CHSCP,27.79,CHS INC. (8% CUMULATIVE REDEEMABLE,0.18,24105987.29,873089.0,CHS INC. (8% CUMULATIVE REDEEMABLE
HBAN,HUNTINGTON BANCSHARES INC,HBAN,15.07,HUNTINGTON BANCSHARES INC,0.18,24079533.28,956296.0,HUNTINGTON BANCSHARES INC
DTE,DTE ENERGY COMPANY,DTE,146.85,DTE ENERGY COMPANY,0.18,24019163.9,1138349.0,DTE ENERGY COMPANY
EIX,SCE TRUST VIII,SCE-M,24.45,SCE TRUST VIII,0.18,23634700.32,995984.0,SCE TRUST VIII
ACGL,ARCH CAPITAL GROUP LTD.,ACGL,95.48,ARCH CAPITAL GROUP LTD.,0.18,23563969.2,1422945.0,ARCH CAPITAL GROUP LTD.
EIX,SCE TRUST VI,SCE-M,24.45,SCE TRUST VI,0.18,23466536.24,1351759.0,SCE TRUST VI
NGL,NGL ENERGY PARTNERS LP,NGL,11.98,NGL ENERGY PARTNERS LP,0.18,23354594.42,926402.0,NGL ENERGY PARTNERS LP
ETR,ENTERGY ARKANSAS LLC,EAI,20.15,ENTERGY ARKANSAS LLC,0.18,23335720.0,1166786.0,ENTERGY ARKANSAS LLC
ASSE,STRIVE INC,ASST,9.59,STRIVE INC,0.18,23278492.16,236186.0,STRIVE INC
AGNC,AGNC INVESTMENT CORP,AGNC,9.89,AGNC INVESTMENT CORP,0.17,23214211.9,924869.0,AGNC INVESTMENT CORP
KKR,KKR GROUP FINANCE CO IX LLC,KKRS,16.31,KKR GROUP FINANCE CO IX LLC,0.17,23135974.96,1424629.0,KKR GROUP FINANCE CO IX LLC
USB,US BANCORP,1USB.MI,0.0,US BANCORP,0.17,22629103.17,1280651.0,US BANCORP
UMBF,UMB FINANCIAL CORPORATION,UMBF,109.79,UMB FINANCIAL CORPORATION,0.17,22213013.8,853690.0,UMB FINANCIAL CORPORATION
RLJ,RLJ LODGING .95 CUMULATIVE CONVERT,RLJ,7.55,RLJ LODGING .95 CUMULATIVE CONVERT,0.17,22173564.6,916263.0,RLJ LODGING .95 CUMULATIVE CONVERT
FG,F&G ANNUITIES & LIFE INC,FG,24.94,F&G ANNUITIES & LIFE INC,0.16,21791305.1,1067155.0,F&G ANNUITIES & LIFE INC
RNR,RENAISSANCERE HOLDINGS LTD,RNR,295.52,RENAISSANCERE HOLDINGS LTD,0.16,21728370.15,1422945.0,RENAISSANCERE HOLDINGS LTD
NTRS,NORTHERN TRUST CORPORATION,NTRS,135.86,NORTHERN TRUST CORPORATION,0.16,21446193.72,1138333.0,NORTHERN TRUST CORPORATION
USB,US BANCORP,1USB.MI,0.0,US BANCORP,0.16,21173421.6,1422945.0,US BANCORP
ASB,ASSOCIATED BANC-CORP,ASB,24.9,ASSOCIATED BANC-CORP,0.16,21162975.1,853690.0,ASSOCIATED BANC-CORP
FCNCA,FIRST CITIZENS BANCSHARES INC.,FCNCA,1838.81,FIRST CITIZENS BANCSHARES INC.,0.16,20855237.4,981885.0,FIRST CITIZENS BANCSHARES INC.
ANGINC,AMERICAN NATIONAL GROUP INC,ANG-D,24.2,AMERICAN NATIONAL GROUP INC,0.16,20616613.5,853690.0,AMERICAN NATIONAL GROUP INC
PRU,PRUDENTIAL FINANCIAL INC,PRU,94.6,PRUDENTIAL FINANCIAL INC,0.15,20542379.52,863488.0,PRUDENTIAL FINANCIAL INC
CIM,CHIMERA INVESTMENT CORP,CIM,12.63,CHIMERA INVESTMENT CORP,0.15,20428691.45,924869.0,CHIMERA INVESTMENT CORP
PBI,PITNEY BOWES INC,PBI,10.9,PITNEY BOWES INC,0.15,20025981.96,1012948.0,PITNEY BOWES INC
NLY,ANNALY CAPITAL MANAGEMENT INC,NLY,21.27,ANNALY CAPITAL MANAGEMENT INC,0.15,19846102.0,782575.0,ANNALY CAPITAL MANAGEMENT INC
VOYA,VOYA FINANCIAL INC,VOYA,67.18,VOYA FINANCIAL INC,0.15,19745849.7,853690.0,VOYA FINANCIAL INC
UNM,UNUM GROUP,UNM,73.47,UNUM GROUP,0.15,19737312.8,853690.0,UNUM GROUP
BHF,BRIGHTHOUSE FINANCIAL INC,BHF,59.92,BRIGHTHOUSE FINANCIAL INC,0.15,19700341.64,1636241.0,BRIGHTHOUSE FINANCIAL INC
UMH,UMH PROPERTIES INC,UMH,14.43,UMH PROPERTIES INC,0.15,19501214.2,915980.0,UMH PROPERTIES INC
RITM,NEW RESIDENTIAL INVESTMENT CORP,14N1.SG,8.02,NEW RESIDENTIAL INVESTMENT CORP,0.15,19427281.25,801125.0,NEW RESIDENTIAL INVESTMENT CORP
DLR,DIGITAL REALTY TRUST INC,DLR,176.61,DIGITAL REALTY TRUST INC,0.15,19421705.08,981886.0,DIGITAL REALTY TRUST INC
WAL,WESTERN ALLIANCE BANCORP,WAL,67.85,WESTERN ALLIANCE BANCORP,0.15,19336078.5,853690.0,WESTERN ALLIANCE BANCORP
PSA,PUBLIC STORAGE,PSA,267.29,PUBLIC STORAGE,0.14,19101923.39,1237973.0,PUBLIC STORAGE
COF,CAPITAL ONE FINL DS REPSTG TH PRF,COF,177.67,CAPITAL ONE FINL DS REPSTG TH PRF,0.14,19073263.05,1209465.0,CAPITAL ONE FINL DS REPSTG TH PRF
RF,REGIONS FINL DRC CORP,RF,25.22,REGIONS FINL DRC CORP,0.14,18668923.6,1138349.0,REGIONS FINL DRC CORP
TCBI,TEXAS CAP BANCSHARES DRC INC,TCBI,93.01,TEXAS CAP BANCSHARES DRC INC,0.14,18584831.3,853690.0,TEXAS CAP BANCSHARES DRC INC
ACGL,ARCH CAPITAL GROUP LTD.,ACGL,95.48,ARCH CAPITAL GROUP LTD.,0.14,18414711.67,939047.0,ARCH CAPITAL GROUP LTD.
ATH,ATHENE HLDG DRC LTD,ATH-A,23.59,ATHENE HLDG DRC LTD,0.14,18400374.98,981877.0,ATHENE HLDG DRC LTD
RILY,B. RILEY FINANCIAL INC,RILYZ,16.71,B. RILEY FINANCIAL INC,0.14,18184674.21,1088251.0,B. RILEY FINANCIAL INC
CMS,CMS ENERGY CORPORATION,CMS,77.56,CMS ENERGY CORPORATION,0.14,18145526.85,796905.0,CMS ENERGY CORPORATION
ABR,ARBOR REALTY TRUST INC,ABR,7.36,ARBOR REALTY TRUST INC,0.14,18016987.38,822318.0,ARBOR REALTY TRUST INC
BHF,BRIGHTHOUSE FINANCIAL INC,BHF,59.92,BRIGHTHOUSE FINANCIAL INC,0.14,17996601.12,1209449.0,BRIGHTHOUSE FINANCIAL INC
TWO,TWO HARBORS INVESTMENT CORP,TWO,11.2,TWO HARBORS INVESTMENT CORP,0.13,17873731.15,722755.0,TWO HARBORS INVESTMENT CORP
PSA,PUBLIC STORAGE,PSA,267.29,PUBLIC STORAGE,0.13,17744942.56,811012.0,PUBLIC STORAGE
BHF,BRIGHTHOUSE FINANCIAL INC,BHF,59.92,BRIGHTHOUSE FINANCIAL INC,0.13,17639021.4,1145391.0,BRIGHTHOUSE FINANCIAL INC
BHF,BRIGHTHOUSE FINANCIAL INC,BHF,59.92,BRIGHTHOUSE FINANCIAL INC,0.13,17618729.05,1067155.0,BRIGHTHOUSE FINANCIAL INC
TVA,TENN VALLEY AUTHORITY,TVE,23.85,TENN VALLEY AUTHORITY,0.13,17606521.5,729804.0,TENN VALLEY AUTHORITY
MTB,M AND T BANK PERPETUAL FIXED TO FL,MTB,201.4,M AND T BANK PERPETUAL FIXED TO FL,0.13,17606877.75,711389.0,M AND T BANK PERPETUAL FIXED TO FL
BNCN,BROOKFIELD FINANCE INC,BNJ,14.74,BROOKFIELD FINANCE INC,0.13,17291521.31,1138349.0,BROOKFIELD FINANCE INC
RITM,RITHM CAPITAL CORP,14N1.SG,8.02,RITHM CAPITAL CORP,0.13,17187158.24,711389.0,RITHM CAPITAL CORP
MFA,MFA FINANCIAL INC,MFA,9.63,MFA FINANCIAL INC,0.13,17021006.25,782575.0,MFA FINANCIAL INC
TWO,TWO HARBORS INVESTMENT CORP,TWO,11.2,TWO HARBORS INVESTMENT CORP,0.13,17018513.64,687339.0,TWO HARBORS INVESTMENT CORP
PSA,PUBLIC STORAGE REPSTG TH BEN INT,PSA,267.29,PUBLIC STORAGE REPSTG TH BEN INT,0.13,17009414.1,899969.0,PUBLIC STORAGE REPSTG TH BEN INT
AHL,ASPEN INSURANCE HOLDINGS LTD,8ZV.F,0.0,ASPEN INSURANCE HOLDINGS LTD,0.13,16939312.72,823496.0,ASPEN INSURANCE HOLDINGS LTD
AMG,AFFILIATED MANAGERS GROUP INC.,AMG,268.89,AFFILIATED MANAGERS GROUP INC.,0.13,16826229.9,853690.0,AFFILIATED MANAGERS GROUP INC.
SO,GEORGIA POWER COMPANY,GPJA,21.89,GEORGIA POWER COMPANY,0.13,16735860.9,768405.0,GEORGIA POWER COMPANY
PSA,PUBLIC STORAGE,PSA,267.29,PUBLIC STORAGE,0.13,16646955.0,853690.0,PUBLIC STORAGE
NRUC,NATIONAL RURAL UTILITIES COOPERATI,NRUC,23.4,NATIONAL RURAL UTILITIES COOPERATI,0.13,16632251.44,711388.0,NATIONAL RURAL UTILITIES COOPERATI
OZK,BANK OZK,OZK,44.69,BANK OZK,0.12,16548140.46,1019602.0,BANK OZK
WSBC,WESBANCO INC,WSBC,33.55,WESBANCO INC,0.12,16546568.96,654532.0,WESBANCO INC
DHC,DIVERSIFIED HEALTHCARE .625% SENIO,DHC,6.64,DIVERSIFIED HEALTHCARE .625% SENIO,0.12,16418812.72,995985.0,DIVERSIFIED HEALTHCARE .625% SENIO
AGNC,AGNC INVESTMENT CORP,AGNC,9.89,AGNC INVESTMENT CORP,0.12,16369978.41,668711.0,AGNC INVESTMENT CORP
WRB,WR BERKLEY CORPORATION,WRB,66.03,WR BERKLEY CORPORATION,0.12,16288405.2,853690.0,WR BERKLEY CORPORATION
HPP,HUDSON PACIFIC PROPERTIES INC,HPP,5.91,HUDSON PACIFIC PROPERTIES INC,0.12,16218925.65,1209465.0,HUDSON PACIFIC PROPERTIES INC
KREF,KKR REAL ESTATE FINANCE TRUST INC,KREF,6.3,KKR REAL ESTATE FINANCE TRUST INC,0.12,16200946.89,932697.0,KKR REAL ESTATE FINANCE TRUST INC
ALL,ALLSTATE CORPORATION (THE),ALL,208.03,ALLSTATE CORPORATION (THE),0.12,16177425.5,853690.0,ALLSTATE CORPORATION (THE)
PNFP PR C,PINNACLE FINANCIAL PARTNERS DEPOSI,PNFP PR C,0.0,PINNACLE FINANCIAL PARTNERS DEPOSI,0.12,16101281.5,640210.0,PINNACLE FINANCIAL PARTNERS DEPOSI
KMI,EL PASO ENERGY CAPITAL TRUST I,EP-C,50.82,EL PASO ENERGY CAPITAL TRUST I,0.12,15968042.6,313714.0,EL PASO ENERGY CAPITAL TRUST I
PSA,PUBLIC STORAGE DS REPRESENTING TH,PSA,267.29,PUBLIC STORAGE DS REPRESENTING TH,0.12,15914192.85,796905.0,PUBLIC STORAGE DS REPRESENTING TH
BUSE,FIRST BUSEY CORPORATION,BUSE,24.83,FIRST BUSEY CORPORATION,0.12,15665484.8,611933.0,FIRST BUSEY CORPORATION
ETR,ENTERGY LOUISIANA LLC,EAI,20.15,ENTERGY LOUISIANA LLC,0.12,15521781.0,768405.0,ENTERGY LOUISIANA LLC
NAVI,NAVIENT PRCNT SENIOR NOTES EXP D,NAVI,8.1,NAVIENT PRCNT SENIOR NOTES EXP D,0.12,15494473.5,853690.0,NAVIENT PRCNT SENIOR NOTES EXP D
MBIN,MERCHANTS BANCORP,FMCB,0.0,MERCHANTS BANCORP,0.12,15394780.8,654540.0,MERCHANTS BANCORP
DBRG,DIGITALBRIDGE GROUP .15 CUMULATIVE,DBRG,15.4,DIGITALBRIDGE GROUP .15 CUMULATIVE,0.12,15324013.62,915413.0,DIGITALBRIDGE GROUP .15 CUMULATIVE
ETR,ENTERGY MISSISSIPPI INC,EAI,20.15,ENTERGY MISSISSIPPI INC,0.12,15293670.99,739897.0,ENTERGY MISSISSIPPI INC
AHL,ASPEN INSURANCE HOLDINGS LTD,8ZV.F,0.0,ASPEN INSURANCE HOLDINGS LTD,0.11,15096151.8,640210.0,ASPEN INSURANCE HOLDINGS LTD
SF,STIFEL FINANCIAL CORP,SF,72.03,STIFEL FINANCIAL CORP,0.11,15025728.7,640210.0,STIFEL FINANCIAL CORP
KIM,KIMCO RLTY DS REPRESENTING CLASS,KIM,22.36,KIMCO RLTY DS REPRESENTING CLASS,0.11,14936014.02,744567.0,KIMCO RLTY DS REPRESENTING CLASS
RNR,RENAISSANCERE HOLDINGS LTD,RNR,295.52,RENAISSANCERE HOLDINGS LTD,0.11,14896464.72,711388.0,RENAISSANCERE HOLDINGS LTD
DDS,DILLARDS CAP TR I CAP SECS 7.5%,DDT,26.0,DILLARDS CAP TR I CAP SECS 7.5%,0.11,14847688.55,569095.0,DILLARDS CAP TR I CAP SECS 7.5%
CIM,CHIMERA INVESTMENT CORP,CIM,12.63,CHIMERA INVESTMENT CORP,0.11,14838634.33,739897.0,CHIMERA INVESTMENT CORP
QVCN,QVC INC,QVCD,10.32,QVC INC,0.11,14791754.67,1423653.0,QVC INC
FBRT,FRANKLIN BSP REALTY TRUST CUMULA,FBRT,8.52,FRANKLIN BSP REALTY TRUST CUMULA,0.11,14742094.0,734900.0,FRANKLIN BSP REALTY TRUST CUMULA
NSA,NATIONAL STORAGE AFFILIATES REDEEM,NSA,37.24,NATIONAL STORAGE AFFILIATES REDEEM,0.11,14645056.98,642891.0,NATIONAL STORAGE AFFILIATES REDEEM
BRBRPH,BROOKFIELD BRP HOLDINGS (CANADA) I,BRBRPH,0.0,BROOKFIELD BRP HOLDINGS (CANADA) I,0.11,14581891.98,993994.0,BROOKFIELD BRP HOLDINGS (CANADA) I
SF,STIFEL FINANCIAL CORP,SF,72.03,STIFEL FINANCIAL CORP,0.11,14572488.3,853690.0,STIFEL FINANCIAL CORP
VNO,VORNADO REALTY TRUST,VNO,25.33,VORNADO REALTY TRUST,0.11,14547408.0,909213.0,VORNADO REALTY TRUST
BC,BRUNSWICK CORPORATION,BC,69.5,BRUNSWICK CORPORATION,0.11,14502812.1,611933.0,BRUNSWICK CORPORATION
VNO,VORNADO REALTY TRUST 5.4% CUM RED,VNO,25.33,VORNADO REALTY TRUST 5.4% CUM RED,0.11,14444451.72,853691.0,VORNADO REALTY TRUST 5.4% CUM RED
WAFD,WASHINGTON FEDERAL INC,WAFD,31.07,WASHINGTON FEDERAL INC,0.11,14424765.8,870010.0,WASHINGTON FEDERAL INC
GL,GLOBE LIFE INC,GL,136.85,GLOBE LIFE INC,0.11,14418707.71,924869.0,GLOBE LIFE INC
BAC,BANK OF AMERICA CORPORATION PFD 1,BAC,47.23,BANK OF AMERICA CORPORATION PFD 1,0.11,14238009.24,736957.0,BANK OF AMERICA CORPORATION PFD 1
PNFP PR A,PINNACLE FINANCIAL PARTNERS NON CU,PNFP PR A,0.0,PINNACLE FINANCIAL PARTNERS NON CU,0.11,14209902.63,569079.0,PINNACLE FINANCIAL PARTNERS NON CU
TVA,TENN VALLEY AUTH,TVE,23.85,TENN VALLEY AUTH,0.11,14112233.8,592951.0,TENN VALLEY AUTH
AIZ,ASSURANT INC,AIZ,217.21,ASSURANT INC,0.11,14021457.48,711388.0,ASSURANT INC
EQH,EQUITABLE HOLDINGS INC,EQH,35.89,EQUITABLE HOLDINGS INC,0.1,13937560.2,870010.0,EQUITABLE HOLDINGS INC
DBRG,DIGITALBRIDGE GROUP INC,DBRG,15.4,DIGITALBRIDGE GROUP INC,0.1,13856115.4,825260.0,DIGITALBRIDGE GROUP INC
SLG,SL GREEN REALTY CORP,SLG,36.05,SL GREEN REALTY CORP,0.1,13836996.74,654541.0,SL GREEN REALTY CORP
VNO,VORNADO REALTY TRUST,VNO,25.33,VORNADO REALTY TRUST,0.1,13821257.29,853691.0,VORNADO REALTY TRUST
BIP,BIP BERMUDA HOLDINGS I LTD,BIPJ,22.73,BIP BERMUDA HOLDINGS I LTD,0.1,13744409.0,853690.0,BIP BERMUDA HOLDINGS I LTD
SR,SPIRE INC,SR,91.57,SPIRE INC,0.1,13732262.35,569095.0,SPIRE INC
OAK,OAKTREE CAPITAL GROUP LLC,OAK-A,20.7,OAKTREE CAPITAL GROUP LLC,0.1,13641704.4,668711.0,OAKTREE CAPITAL GROUP LLC
SLM,SLM CORP,SLM,20.57,SLM CORP,0.1,13578722.82,181558.0,SLM CORP
FITB,FIFTH THIRD BANCORP,FITB,44.57,FIFTH THIRD BANCORP,0.1,13573435.68,711396.0,FIFTH THIRD BANCORP
WRB,WR BERKLEY CORPORATION,WRB,66.03,WR BERKLEY CORPORATION,0.1,13377322.3,853690.0,WR BERKLEY CORPORATION
FITB,FIFTH THIRD BANCORP DEPOSITORY SH,FITB,44.57,FIFTH THIRD BANCORP DEPOSITORY SH,0.1,13350968.7,569095.0,FIFTH THIRD BANCORP DEPOSITORY SH
DLR,DIGITAL REALTY TRUST INC,DLR,176.61,DIGITAL REALTY TRUST INC,0.1,13308618.81,597603.0,DIGITAL REALTY TRUST INC
PSA,PUBLIC STORAGE DEP SHS REPSTG TH,PSA,267.29,PUBLIC STORAGE DEP SHS REPSTG TH,0.1,13297361.28,736288.0,PUBLIC STORAGE DEP SHS REPSTG TH
DTE,DTE ENERGY CO,DTE,146.85,DTE ENERGY CO,0.1,13252530.15,796905.0,DTE ENERGY CO
RITM,RITHM CAPITAL CORP,14N1.SG,8.02,RITHM CAPITAL CORP,0.1,13075262.46,540747.0,RITHM CAPITAL CORP
GNL,GLOBAL NET LEASE CUMULATIVE REDE,2N81.F,19.0,GLOBAL NET LEASE CUMULATIVE REDE,0.1,13067040.65,564451.0,GLOBAL NET LEASE CUMULATIVE REDE
RILY,B. RILEY FINANCIAL INC,RILYZ,16.71,B. RILEY FINANCIAL INC,0.1,12995584.77,563311.0,B. RILEY FINANCIAL INC
PEB,PEBBLEBROOK HOTEL TRUST,PEB-G,19.9,PEBBLEBROOK HOTEL TRUST,0.1,12992638.85,654541.0,PEBBLEBROOK HOTEL TRUST
ADAM,NEW YORK MORTGAGE TRUST INC,ADAMI,24.42,NEW YORK MORTGAGE TRUST INC,0.1,12944712.4,530521.0,NEW YORK MORTGAGE TRUST INC
AMG,AFFILIATED MANAGERS GROUP INC.,AMG,268.89,AFFILIATED MANAGERS GROUP INC.,0.1,12661934.06,782567.0,AFFILIATED MANAGERS GROUP INC.
BOH,BANK OF HAWAII CORP,BOH,73.01,BANK OF HAWAII CORP,0.09,12526815.84,478488.0,BANK OF HAWAII CORP
PMT,PENNYMAC MORTGAGE INVESTMENT TRUST,PMT,11.31,PENNYMAC MORTGAGE INVESTMENT TRUST,0.09,12513558.75,554925.0,PENNYMAC MORTGAGE INVESTMENT TRUST
SF,STIFEL FINANCIAL CORP,SF,72.03,STIFEL FINANCIAL CORP,0.09,12503320.83,640211.0,STIFEL FINANCIAL CORP
PMT,PENNYMAC MORTGAGE INVESTMENT TRUST,PMT,11.31,PENNYMAC MORTGAGE INVESTMENT TRUST,0.09,12484876.95,711389.0,PENNYMAC MORTGAGE INVESTMENT TRUST
VSEC,VSE CORP,VSEC,165.49,VSE CORP,0.09,12478186.56,266856.0,VSE CORP
DHC,DIVERSIFIED HEALTHCARE .25% SENIOR,DHC,6.64,DIVERSIFIED HEALTHCARE .25% SENIOR,0.09,12459838.21,711381.0,DIVERSIFIED HEALTHCARE .25% SENIOR
CIM,CHIMERA INVESTMENT CORP,CIM,12.63,CHIMERA INVESTMENT CORP,0.09,12360569.64,569087.0,CHIMERA INVESTMENT CORP
KIM,KIMCO REALTY CORPORATION,KIM,22.36,KIMCO REALTY CORPORATION,0.09,12336722.96,633302.0,KIMCO REALTY CORPORATION
AHL,ASPEN INSURANCE HOLDINGS LTD,8ZV.F,0.0,ASPEN INSURANCE HOLDINGS LTD,0.09,12299564.88,599394.0,ASPEN INSURANCE HOLDINGS LTD
PMT,PENNYMAC MORTGAGE INVESTMENT TRUST,PMT,11.31,PENNYMAC MORTGAGE INVESTMENT TRUST,0.09,12281292.18,490859.0,PENNYMAC MORTGAGE INVESTMENT TRUST
RILY,B. RILEY FINANCIAL INC,RILYZ,16.71,B. RILEY FINANCIAL INC,0.09,12202821.25,513803.0,B. RILEY FINANCIAL INC
CMS,CMS ENERGY CORPORATION,CMS,77.56,CMS ENERGY CORPORATION,0.09,12178461.8,569087.0,CMS ENERGY CORPORATION
LBRDA,LIBERTY BROADBAND CUM REDEEMABLE P,LBRDA,51.76,LIBERTY BROADBAND CUM REDEEMABLE P,0.09,12169624.34,511114.0,LIBERTY BROADBAND CUM REDEEMABLE P
TGP,TEEKAY LNG PARTNERS LP,TGP,0.0,TEEKAY LNG PARTNERS LP,0.09,12164074.56,469293.0,TEEKAY LNG PARTNERS LP
AUB,ATLANTIC UNION BANKSHARES CORP,AUB,34.69,ATLANTIC UNION BANKSHARES CORP,0.09,12113851.8,492433.0,ATLANTIC UNION BANKSHARES CORP
TRTN,TRITON INTERNATIONAL LTD,TRTN,0.0,TRITON INTERNATIONAL LTD,0.09,12083129.68,498068.0,TRITON INTERNATIONAL LTD
VNO,VORNADO REALTY TRUST,VNO,25.33,VORNADO REALTY TRUST,0.09,12079501.25,853675.0,VORNADO REALTY TRUST
FCNCA,FIRST CITIZENS BANCSHARES NON CU,FCNCA,1838.81,FIRST CITIZENS BANCSHARES NON CU,0.09,12019286.4,569095.0,FIRST CITIZENS BANCSHARES NON CU
PSA,PUBLIC STORAGE,PSA,267.29,PUBLIC STORAGE,0.09,11958299.64,654532.0,PUBLIC STORAGE
PSA,PUBLIC STORAGE DEP SHS REPSTG PF,PSA,267.29,PUBLIC STORAGE DEP SHS REPSTG PF,0.09,11922534.01,803947.0,PUBLIC STORAGE DEP SHS REPSTG PF
ATLC,ATLANTICUS HOLDINGS CORP,ATLCZ,25.2,ATLANTICUS HOLDINGS CORP,0.09,11876278.05,476385.0,ATLANTICUS HOLDINGS CORP
TRTGV,TRITON INTL CUM RED PERP PREF SER,TRTGV,0.0,TRITON INTL CUM RED PERP PREF SER,0.09,11829115.0,498068.0,TRITON INTL CUM RED PERP PREF SER
IVR,INVESCO MORTGAGE CAPITAL INC,IVR,7.82,INVESCO MORTGAGE CAPITAL INC,0.09,11691462.72,497086.0,INVESCO MORTGAGE CAPITAL INC
WRB,WR BERKLEY CORPORATION,WRB,66.03,WR BERKLEY CORPORATION,0.09,11638307.68,711388.0,WR BERKLEY CORPORATION
RILY,B. RILEY FINANCIAL INC,RILYZ,16.71,B. RILEY FINANCIAL INC,0.09,11569484.75,647425.0,B. RILEY FINANCIAL INC
DLR,DIGITAL REALTY TRUST INC,DLR,176.61,DIGITAL REALTY TRUST INC,0.09,11564010.4,569095.0,DIGITAL REALTY TRUST INC
HBAN,HUNTINGTON BANCSHARES INC,HBAN,15.07,HUNTINGTON BANCSHARES INC,0.09,11558955.66,530958.0,HUNTINGTON BANCSHARES INC
ABR,ARBOR REALTY TRUST INC,ABR,7.36,ARBOR REALTY TRUST INC,0.09,11472348.4,666997.0,ARBOR REALTY TRUST INC
BRBRPH,BROOKFIELD BRP HOLDINGS (CANADA) I,BRBRPH,0.0,BROOKFIELD BRP HOLDINGS (CANADA) I,0.09,11431408.65,739897.0,BROOKFIELD BRP HOLDINGS (CANADA) I
BIP,BROOKFIELD INFRASTRUCTURE FINANCE,BIPJ,22.73,BROOKFIELD INFRASTRUCTURE FINANCE,0.09,11339524.72,711388.0,BROOKFIELD INFRASTRUCTURE FINANCE
DTE,DTE ENERGY COMPANY,DTE,146.85,DTE ENERGY COMPANY,0.09,11320763.0,677890.0,DTE ENERGY COMPANY
EIX,SCE TRUST II CUM TRUST SECS P,SCE-M,24.45,SCE TRUST II CUM TRUST SECS P,0.08,11213442.12,626103.0,SCE TRUST II CUM TRUST SECS P
WRB,WR BERKLEY CORPORATION,WRB,66.03,WR BERKLEY CORPORATION,0.08,11196847.05,526415.0,WR BERKLEY CORPORATION
PSA,PUBLIC STORAGE DEPOSITARY SHS EACH,PSA,267.29,PUBLIC STORAGE DEPOSITARY SHS EACH,0.08,11175834.34,711388.0,PUBLIC STORAGE DEPOSITARY SHS EACH
FULT,FULTON FINANCIAL CORPORATION,FULT,19.75,FULTON FINANCIAL CORPORATION,0.08,11145351.63,596327.0,FULTON FINANCIAL CORPORATION
MFA,MFA FINANCIAL INC,MFA,9.63,MFA FINANCIAL INC,0.08,11131498.2,569095.0,MFA FINANCIAL INC
CIONI,CION INVESTMENT CORP,CION,6.76,CION INVESTMENT CORP,0.08,11089806.75,448073.0,CION INVESTMENT CORP
MBIN,MERCHANTS BANCORP,FMCB,0.0,MERCHANTS BANCORP,0.08,11088096.18,558313.0,MERCHANTS BANCORP
GS,GOLDMAN SACHS GROUP INC,GS,808.14,GOLDMAN SACHS GROUP INC,0.08,11023215.19,569087.0,GOLDMAN SACHS GROUP INC
AGNCL,AGNC INVESTMENT CORP,AGNC,9.89,AGNC INVESTMENT CORP,0.08,10929330.0,442125.0,AGNC INVESTMENT CORP
CMS,CMS ENERGY CORPORATION,CMS,77.56,CMS ENERGY CORPORATION,0.08,10885000.2,654540.0,CMS ENERGY CORPORATION
BPY,BROOKFIELD PROPERTY PARTNERS LP,BPY,0.0,BROOKFIELD PROPERTY PARTNERS LP,0.08,10881168.9,818133.0,BROOKFIELD PROPERTY PARTNERS LP
BW,BABCOCK & WILCOX ENTERPRISES INC,BW,13.16,BABCOCK & WILCOX ENTERPRISES INC,0.08,10857639.0,545610.0,BABCOCK & WILCOX ENTERPRISES INC
VLY,VALLEY NATIONAL BANCORP,VLY,11.91,VALLEY NATIONAL BANCORP,0.08,10793169.6,426945.0,VALLEY NATIONAL BANCORP
SF,STIFEL FINANCIAL CORP,SF,72.03,STIFEL FINANCIAL CORP,0.08,10761637.2,455230.0,STIFEL FINANCIAL CORP
CODI,COMPASS DIVERSIFIED HOLDINGS,CODI,7.59,COMPASS DIVERSIFIED HOLDINGS,0.08,10760031.97,562469.0,COMPASS DIVERSIFIED HOLDINGS
GNL,GLOBAL NET LEASE PREF SERIES A INC,GNL-A,22.27,GLOBAL NET LEASE PREF SERIES A INC,0.08,10748680.58,483739.0,GLOBAL NET LEASE PREF SERIES A INC
BHF,BRIGHTHOUSE FINANCIAL INC,BHF,59.92,BRIGHTHOUSE FINANCIAL INC,0.08,10716787.84,995984.0,BRIGHTHOUSE FINANCIAL INC
PSA,PUBLIC STORAGE,PSA,267.29,PUBLIC STORAGE,0.08,10714051.45,677890.0,PUBLIC STORAGE
BAC,BANK OF AMERICA CORP PREF STOCK,BAC,47.23,BANK OF AMERICA CORP PREF STOCK,0.08,10669723.69,561269.0,BANK OF AMERICA CORP PREF STOCK
AHH,ARMADA HOFFLER PROPERTIES INC,791.F,4.46,ARMADA HOFFLER PROPERTIES INC,0.08,10651440.62,486923.0,ARMADA HOFFLER PROPERTIES INC
GPMT,GRANITE POINT MORTGAGE TRUST INC,GPMT-A,18.0,GRANITE POINT MORTGAGE TRUST INC,0.08,10615985.24,585548.0,GRANITE POINT MORTGAGE TRUST INC
OAK,OAKTREE CAPITAL GROUP LLC,OAK-A,20.7,OAKTREE CAPITAL GROUP LLC,0.08,10603347.3,512239.0,OAKTREE CAPITAL GROUP LLC
ATLC,ATLANTICUS HOLDINGS CORP,ATLCZ,25.2,ATLANTICUS HOLDINGS CORP,0.08,10534665.52,421724.0,ATLANTICUS HOLDINGS CORP
HWC,HANCOCK WHITNEY CORP,HWC,62.44,HANCOCK WHITNEY CORP,0.08,10528925.55,490859.0,HANCOCK WHITNEY CORP
BPY,BROOKFIELD PROPERTY PARTNERS LP,BPY,0.0,BROOKFIELD PROPERTY PARTNERS LP,0.08,10500101.64,711389.0,BROOKFIELD PROPERTY PARTNERS LP
CODI,COMPASS DIVERSIFIED HOLDINGS FIXED,CODI,7.59,COMPASS DIVERSIFIED HOLDINGS FIXED,0.08,10428339.24,554404.0,COMPASS DIVERSIFIED HOLDINGS FIXED
MBIN,MERCHANTS BANCORP,FMCB,0.0,MERCHANTS BANCORP,0.08,10414363.2,419934.0,MERCHANTS BANCORP
BRBRPH,BROOKFIELD BRP HOLDINGS (CANADA) I,BRBRPH,0.0,BROOKFIELD BRP HOLDINGS (CANADA) I,0.08,10370882.69,426961.0,BROOKFIELD BRP HOLDINGS (CANADA) I
TRTN,TRITON INTERNATIONAL LTD,TRTN,0.0,TRITON INTERNATIONAL LTD,0.08,10324930.0,426650.0,TRITON INTERNATIONAL LTD
BAC,BANK OF AMERICA CORP,BAC,47.23,BANK OF AMERICA CORP,0.08,10274481.55,542189.0,BANK OF AMERICA CORP
TRTN,TRITON INTERNATIONAL LTD,TRTN,0.0,TRITON INTERNATIONAL LTD,0.08,10260503.88,409111.0,TRITON INTERNATIONAL LTD
FHN,FIRST HORIZON NATIONAL CORP,FT2.SG,19.2,FIRST HORIZON NATIONAL CORP,0.08,10251333.61,426961.0,FIRST HORIZON NATIONAL CORP
TRTX,TPG RE FIN TR PREF SERIES C INC TR,TRTX-C,18.3,TPG RE FIN TR PREF SERIES C INC TR,0.08,10239947.52,572704.0,TPG RE FIN TR PREF SERIES C INC TR
AFG,AMERICAN FINANCIAL GROUP INC,AFG,126.99,AMERICAN FINANCIAL GROUP INC,0.08,10226493.39,569087.0,AMERICAN FINANCIAL GROUP INC
BIP,BROOKFIELD INFRASTRUCTURE FINANCE,BIPJ,22.73,BROOKFIELD INFRASTRUCTURE FINANCE,0.08,10187845.36,449596.0,BROOKFIELD INFRASTRUCTURE FINANCE
BEPUCN,BROOKFIELD RENEWABLE PARTNERS LP,BEPUCN,0.0,BROOKFIELD RENEWABLE PARTNERS LP,0.08,10100165.0,567425.0,BROOKFIELD RENEWABLE PARTNERS LP
ADAM,NEW YORK MORTGAGE TRUST INC,ADAMI,24.42,NEW YORK MORTGAGE TRUST INC,0.08,10079431.95,453110.0,NEW YORK MORTGAGE TRUST INC
PEB,PEBBLEBROOK HOTEL TRUST,PEB-G,19.9,PEBBLEBROOK HOTEL TRUST,0.08,10056546.5,566566.0,PEBBLEBROOK HOTEL TRUST
DBRG,DIGITALBRIDGE GROUP .125 CUMULATIV,DBRG,15.4,DIGITALBRIDGE GROUP .125 CUMULATIV,0.08,10057538.44,597241.0,DIGITALBRIDGE GROUP .125 CUMULATIV
ADAM,NEW YORK MORTGAGE TRUST INC,ADAMI,24.42,NEW YORK MORTGAGE TRUST INC,0.08,10049653.26,427643.0,NEW YORK MORTGAGE TRUST INC
ARR,ARMOUR RESIDENTIAL REIT INC,ARR,16.17,ARMOUR RESIDENTIAL REIT INC,0.07,9892724.29,488409.0,ARMOUR RESIDENTIAL REIT INC
TRTN,TRITON INTERNATIONAL LTD,TRTN,0.0,TRITON INTERNATIONAL LTD,0.07,9679205.87,426961.0,TRITON INTERNATIONAL LTD
BNCN,BROOKFIELD FINANCE I UK PLC,BNJ,14.74,BROOKFIELD FINANCE I UK PLC,0.07,9644646.9,654540.0,BROOKFIELD FINANCE I UK PLC
TRTN,TRITON INTERNATIONAL LTD,TRTN,0.0,TRITON INTERNATIONAL LTD,0.07,9618532.35,515739.0,TRITON INTERNATIONAL LTD
BIP,BROOKFIELD INFRASTRUCTURE CLASS,BIPJ,22.73,BROOKFIELD INFRASTRUCTURE CLASS,0.07,9589250.75,569095.0,BROOKFIELD INFRASTRUCTURE CLASS
KMPR,KEMPER CORP,KMPR,30.2,KEMPER CORP,0.07,9559656.79,426961.0,KEMPER CORP
GAIN,GLADSTONE INVESTMENT CORP,GAIN,14.1,GLADSTONE INVESTMENT CORP,0.07,9533951.48,396587.0,GLADSTONE INVESTMENT CORP
WBS,WEBSTER FINANCIAL CORPORATION,WBS,68.03,WEBSTER FINANCIAL CORPORATION,0.07,9513201.72,396714.0,WEBSTER FINANCIAL CORPORATION
TFC,TRUIST FINANCIAL DS REPRESENTING,TFC,44.62,TRUIST FINANCIAL DS REPRESENTING,0.07,9509913.0,506925.0,TRUIST FINANCIAL DS REPRESENTING
GAIN,GLADSTONE INVESTMENT CORP,GAIN,14.1,GLADSTONE INVESTMENT CORP,0.07,9498883.68,372944.0,GLADSTONE INVESTMENT CORP
BIP,BROOKFIELD INFRASTRUCTURE PARTNERS,BIPJ,22.73,BROOKFIELD INFRASTRUCTURE PARTNERS,0.07,9350230.85,569095.0,BROOKFIELD INFRASTRUCTURE PARTNERS
AFG,AMERICAN FINANCIAL GROUP INC,AFG,126.99,AMERICAN FINANCIAL GROUP INC,0.07,9350099.41,569087.0,AMERICAN FINANCIAL GROUP INC
SIGI,SELECTIVE INS GROUP DS REPSTG IN,SIGI,75.52,SELECTIVE INS GROUP DS REPSTG IN,0.07,9276248.5,569095.0,SELECTIVE INS GROUP DS REPSTG IN
TWO,TWO HARBORS INVESTMENT CORP,TWO,11.2,TWO HARBORS INVESTMENT CORP,0.07,9204654.38,372206.0,TWO HARBORS INVESTMENT CORP
GAIN,GLADSTONE INVESTMENT CORP,GAIN,14.1,GLADSTONE INVESTMENT CORP,0.07,9157064.7,364098.0,GLADSTONE INVESTMENT CORP
CICC,CION INVESTMENT NOTES DUE CORP,CICC,25.15,CION INVESTMENT NOTES DUE CORP,0.07,9117126.5,362510.0,CION INVESTMENT NOTES DUE CORP
TGP,TEEKAY LNG PARTNERS LP,TGP,0.0,TEEKAY LNG PARTNERS LP,0.07,9045530.05,350942.0,TEEKAY LNG PARTNERS LP
ONB,OLD NATIONAL BANCORP DEP SHS EACH,ONB,21.42,OLD NATIONAL BANCORP DEP SHS EACH,0.07,8967749.46,360006.0,OLD NATIONAL BANCORP DEP SHS EACH
TRIN,TRINITY CAPITAL INC,TRIN,14.4,TRINITY CAPITAL INC,0.07,8782905.2,350755.0,TRINITY CAPITAL INC
AFG,AMERICAN FINANCIAL GROUP INC,AFG,126.99,AMERICAN FINANCIAL GROUP INC,0.07,8754550.2,442149.0,AMERICAN FINANCIAL GROUP INC
HBANZ,HUNTINGTON BANCSHARES DEPOSITARY S,HBANZ,20.65,HUNTINGTON BANCSHARES DEPOSITARY S,0.06,8620804.8,416464.0,HUNTINGTON BANCSHARES DEPOSITARY S
EFC,ELLINGTON FINANCIAL INC,EFC,11.77,ELLINGTON FINANCIAL INC,0.06,8587866.87,355311.0,ELLINGTON FINANCIAL INC
TWO,TWO HARBORS INVESTMENT CORP,TWO,11.2,TWO HARBORS INVESTMENT CORP,0.06,8585530.92,339081.0,TWO HARBORS INVESTMENT CORP
LAND,GLADSTONE LAND CORP,LAND,10.16,GLADSTONE LAND CORP,0.06,8576016.75,423507.0,GLADSTONE LAND CORP
NMFC,NEW MOUNTAIN FINANCE CORP,NMFC,7.59,NEW MOUNTAIN FINANCE CORP,0.06,8572660.2,338172.0,NEW MOUNTAIN FINANCE CORP
EPR,EPR PROPERTIES,EPR,49.56,EPR PROPERTIES,0.06,8569107.27,426961.0,EPR PROPERTIES
TRIN,TRINITY CAPITAL INC,TRIN,14.4,TRINITY CAPITAL INC,0.06,8554170.3,342030.0,TRINITY CAPITAL INC
WBS,WEBSTER FINANCIAL DRC CORP,WBS,68.03,WEBSTER FINANCIAL DRC CORP,0.06,8500793.51,426961.0,WEBSTER FINANCIAL DRC CORP
EPR,EPR PROPERTIES 5.75% CUM CONV PREF,EPR,49.56,EPR PROPERTIES 5.75% CUM CONV PREF,0.06,8476609.7,383557.0,EPR PROPERTIES 5.75% CUM CONV PREF
ACR,ACRES COMMERCIAL REALTY .625 FIXED,R9L0.F,16.3,ACRES COMMERCIAL REALTY .625 FIXED,0.06,8460058.75,339625.0,ACRES COMMERCIAL REALTY .625 FIXED
ADC,AGREE REALTY CORP,ADC,74.91,AGREE REALTY CORP,0.06,8449740.58,498069.0,AGREE REALTY CORP
PEB,PEBBLEBROOK HOTEL TRUST,PEB-G,19.9,PEBBLEBROOK HOTEL TRUST,0.06,8433805.12,426812.0,PEBBLEBROOK HOTEL TRUST
DX,DYNEX CAPITAL INC,DX,12.52,DYNEX CAPITAL INC,0.06,8431059.78,327547.0,DYNEX CAPITAL INC
ADAM,NEW YORK MORTGAGE TRUST INC,ADAMI,24.42,NEW YORK MORTGAGE TRUST INC,0.06,8429817.75,339775.0,NEW YORK MORTGAGE TRUST INC
GSL,GLOBAL SHIP LEASE INC,GSL,35.87,GLOBAL SHIP LEASE INC,0.06,8420083.8,310132.0,GLOBAL SHIP LEASE INC
BOH,BANK OF HAWAII CORP,BOH,73.01,BANK OF HAWAII CORP,0.06,8399076.54,522006.0,BANK OF HAWAII CORP
FRT,FEDERAL REALTY INVESTMENT DEPOSITA,FRT,104.46,FEDERAL REALTY INVESTMENT DEPOSITA,0.06,8295852.23,426961.0,FEDERAL REALTY INVESTMENT DEPOSITA
AMG,AFFILIATED MANAGERS GROUP INC.,AMG,268.89,AFFILIATED MANAGERS GROUP INC.,0.06,8280215.85,569087.0,AFFILIATED MANAGERS GROUP INC.
CIM,CHIMERA INVESTMENT CORP,CIM,12.63,CHIMERA INVESTMENT CORP,0.06,8280353.31,412623.0,CHIMERA INVESTMENT CORP
CNO,CNO FINANCIAL GROUP INC,CNO,40.42,CNO FINANCIAL GROUP INC,0.06,8279258.75,442150.0,CNO FINANCIAL GROUP INC
CIM,CHIMERA INVESTMENT CORP,CIM,12.63,CHIMERA INVESTMENT CORP,0.06,8256016.34,339614.0,CHIMERA INVESTMENT CORP
MFA,MFA FINANCIAL INC,MFA,9.63,MFA FINANCIAL INC,0.06,8135352.0,329100.0,MFA FINANCIAL INC
MSBI,MIDLAND STATES BANCORP INC,MSBI,21.79,MIDLAND STATES BANCORP INC,0.06,8119295.79,327259.0,MIDLAND STATES BANCORP INC
CTVA,E I DU PONT DE NEMOURS AND CO,CTVA,82.61,E I DU PONT DE NEMOURS AND CO,0.06,8114052.15,119018.0,E I DU PONT DE NEMOURS AND CO
NYCB,NEW YORK COMMUNITY CAPITAL TRUST V,FLG-U,38.26,NEW YORK COMMUNITY CAPITAL TRUST V,0.06,8099316.0,206352.0,NEW YORK COMMUNITY CAPITAL TRUST V
VLY,VALLEY NATIONAL BANCORP,VLY,11.91,VALLEY NATIONAL BANCORP,0.06,8083272.6,327258.0,VALLEY NATIONAL BANCORP
CNOB,CONNECTONE BANCORP INC,CNOB,26.3,CONNECTONE BANCORP INC,0.06,7998185.52,327258.0,CONNECTONE BANCORP INC
INN,SUMMIT HOTEL PROPERTIES INC,INN,4.3,SUMMIT HOTEL PROPERTIES INC,0.06,7966665.0,455238.0,SUMMIT HOTEL PROPERTIES INC
FCRX,CRESCENT CAPITAL BDC NOTES DUE I,FCRX,25.03,CRESCENT CAPITAL BDC NOTES DUE I,0.06,7933598.04,317598.0,CRESCENT CAPITAL BDC NOTES DUE I
BPY,BROOKFIELD PROPERTY PARTNERS LP,BPY,0.0,BROOKFIELD PROPERTY PARTNERS LP,0.06,7912744.36,523676.0,BROOKFIELD PROPERTY PARTNERS LP
ONB,OLD NATIONAL BANCORP,ONB,21.42,OLD NATIONAL BANCORP,0.06,7897494.39,318319.0,OLD NATIONAL BANCORP
FHN,FIRST HORIZON CORP (TENNESSEE),FT2.SG,19.2,FIRST HORIZON CORP (TENNESSEE),0.06,7789802.0,442100.0,FIRST HORIZON CORP (TENNESSEE)
PMT,PENNYMAC MORTGAGE INVESTMENT TRUST,PMT,11.31,PENNYMAC MORTGAGE INVESTMENT TRUST,0.06,7788339.68,313288.0,PENNYMAC MORTGAGE INVESTMENT TRUST
AMH,AMERICAN HOMES 4 RENT,AMH,27.83,AMERICAN HOMES 4 RENT,0.06,7749682.56,327267.0,AMERICAN HOMES 4 RENT
RILY,B. RILEY FINANCIAL INC,RILYZ,16.71,B. RILEY FINANCIAL INC,0.06,7728478.83,306321.0,B. RILEY FINANCIAL INC
SAR,SARATOGA INVESTMENT CORP,QJ8.F,18.2,SARATOGA INVESTMENT CORP,0.06,7700533.32,311007.0,SARATOGA INVESTMENT CORP
AFG,AMERICAN FINANCIAL GROUP INC,AFG,126.99,AMERICAN FINANCIAL GROUP INC,0.06,7639848.62,368363.0,AMERICAN FINANCIAL GROUP INC
CFR,CULLEN FROST BANKERS DRC INC,CFR,135.35,CULLEN FROST BANKERS DRC INC,0.06,7542226.0,442100.0,CULLEN FROST BANKERS DRC INC
FTAI,FTAI AVIATION FIXED RATE RESET C,FTAI,227.5,FTAI AVIATION FIXED RATE RESET C,0.06,7531689.18,298758.0,FTAI AVIATION FIXED RATE RESET C
BPOP,POPULAR CAPITAL TRUST II,BPOPM,0.0,POPULAR CAPITAL TRUST II,0.06,7477746.72,297681.0,POPULAR CAPITAL TRUST II
EPR,EPR PROPERTIES,EPR,49.56,EPR PROPERTIES,0.06,7457371.74,245147.0,EPR PROPERTIES
REG,REGENCY CENTERS SERIES A CUMULAT,REG-A,0.0,REGENCY CENTERS SERIES A CUMULAT,0.06,7458414.93,327267.0,REGENCY CENTERS SERIES A CUMULAT
PMT,PENNYMAC MORTGAGE INVESTMENT TRUST,PMT,11.31,PENNYMAC MORTGAGE INVESTMENT TRUST,0.06,7448760.55,327267.0,PENNYMAC MORTGAGE INVESTMENT TRUST
EFC,ELLINGTON FINANCIAL INC,EFC,11.77,ELLINGTON FINANCIAL INC,0.06,7444937.25,294849.0,ELLINGTON FINANCIAL INC
ABR,ARBOR REALTY TRUST INC,ABR,7.36,ARBOR REALTY TRUST INC,0.06,7434063.68,436784.0,ARBOR REALTY TRUST INC
AMH,AMERICAN HOMES 4 RENT,AMH,27.83,AMERICAN HOMES 4 RENT,0.06,7412597.55,327267.0,AMERICAN HOMES 4 RENT
RITM,NEW RESIDENTIAL INVESTMENT CORP,14N1.SG,8.02,NEW RESIDENTIAL INVESTMENT CORP,0.06,7344647.24,299537.0,NEW RESIDENTIAL INVESTMENT CORP
ACR,ACRES COMMERCIAL REALTY CORP,R9L0.F,16.3,ACRES COMMERCIAL REALTY CORP,0.05,7279325.12,332086.0,ACRES COMMERCIAL REALTY CORP
PSA,PUBLIC STORAGE,PSA,267.29,PUBLIC STORAGE,0.05,7236600.8,483730.0,PUBLIC STORAGE
BAC,BANK OF AMERICA DEPOSITORY SHARES,BAC,47.23,BANK OF AMERICA DEPOSITORY SHARES,0.05,7219505.29,370421.0,BANK OF AMERICA DEPOSITORY SHARES
SAR,SARATOGA INVESTMENT CORP,QJ8.F,18.2,SARATOGA INVESTMENT CORP,0.05,7197990.75,285975.0,SARATOGA INVESTMENT CORP
GAIN,GLADSTONE INVESTMENT CORP,GAIN,14.1,GLADSTONE INVESTMENT CORP,0.05,7194934.0,285400.0,GLADSTONE INVESTMENT CORP
RWAY,RUNWAY GROWTH FINANCE,RWAY,6.8,RUNWAY GROWTH FINANCE,0.05,7195131.0,285975.0,RUNWAY GROWTH FINANCE
REG,REGENCY CENTERS SERIES B CUMULAT,REG-B,0.0,REGENCY CENTERS SERIES B CUMULAT,0.05,7127875.26,327267.0,REGENCY CENTERS SERIES B CUMULAT
LOB,LIVE OAK BANCSHARES INC,LOB,32.15,LIVE OAK BANCSHARES INC,0.05,7111854.12,284588.0,LIVE OAK BANCSHARES INC
GNL,GLOBAL NET LEASE INC,2N81.F,19.0,GLOBAL NET LEASE INC,0.05,7098201.25,334033.0,GLOBAL NET LEASE INC
VLY,VALLEY NATL NON CUM PERP PREF SERI,VLY,11.91,VALLEY NATL NON CUM PERP PREF SERI,0.05,7035015.36,284588.0,VALLEY NATL NON CUM PERP PREF SERI
RC,READY CAPITAL CORP,RC,1.61,READY CAPITAL CORP,0.05,6954966.0,369945.0,READY CAPITAL CORP
ETR,ENTERGY NEW ORLEANS INC,EAI,20.15,ENTERGY NEW ORLEANS INC,0.05,6950908.23,312963.0,ENTERGY NEW ORLEANS INC
FAMCA,FEDERAL AGRICULTURAL MORTGAGE CORP,AGM,144.42,FEDERAL AGRICULTURAL MORTGAGE CORP,0.05,6948561.62,358358.0,FEDERAL AGRICULTURAL MORTGAGE CORP
AGMPP,FEDERAL AGRIC MTG NON CUMULATIVE P,AGMPP,0.0,FEDERAL AGRIC MTG NON CUMULATIVE P,0.05,6909796.64,284588.0,FEDERAL AGRIC MTG NON CUMULATIVE P
QVCN,QVC INC,QVCD,10.32,QVC INC,0.05,6884311.2,661953.0,QVC INC
RWT,REDWOOD TRUST INC,RWT,5.42,REDWOOD TRUST INC,0.05,6884008.3,295451.0,REDWOOD TRUST INC
DCOM,DIME COMMUNITY BANCSHARES CUMULATI,DCOM,33.03,DIME COMMUNITY BANCSHARES CUMULATI,0.05,6868830.68,376994.0,DIME COMMUNITY BANCSHARES CUMULATI
CLDT,CHATHAM LODGING TRUST,CLDT,7.83,CHATHAM LODGING TRUST,0.05,6832314.45,341445.0,CHATHAM LODGING TRUST
FAMCA,FEDERAL AGRICULTURAL MORTGAGE NO,AGM,144.42,FEDERAL AGRICULTURAL MORTGAGE NO,0.05,6762232.4,373604.0,FEDERAL AGRICULTURAL MORTGAGE NO
BFS,SAUL CENTERS INC,BFS-D,20.65,SAUL CENTERS INC,0.05,6706818.52,312964.0,SAUL CENTERS INC
CTO,CTO REALTY GROWTH INC,CTO-A,20.1,CTO REALTY GROWTH INC,0.05,6689374.65,335307.0,CTO REALTY GROWTH INC
PCG,PACIFIC GAS & ELEC CO,PCG,17.5,PACIFIC GAS & ELEC CO,0.05,6666433.75,299615.0,PACIFIC GAS & ELEC CO
SHO,SUNSTONE HOTEL INVESTORS INC,SHO,9.01,SUNSTONE HOTEL INVESTORS INC,0.05,6576747.33,329099.0,SUNSTONE HOTEL INVESTORS INC
PSA,PUBLIC STORAGE,PSA,267.29,PUBLIC STORAGE,0.05,6552909.94,432821.0,PUBLIC STORAGE
PSEC,PROSPECT CAPITAL CORP,PSEC,2.54,PROSPECT CAPITAL CORP,0.05,6444735.0,390590.0,PROSPECT CAPITAL CORP
COF,CAPITAL ONE FINANCIAL CORPORATION,COF,177.67,CAPITAL ONE FINANCIAL CORPORATION,0.05,6410904.32,373598.0,CAPITAL ONE FINANCIAL CORPORATION
PEB,PEBBLEBROOK HOTEL TRUST,PEB-G,19.9,PEBBLEBROOK HOTEL TRUST,0.05,6362575.2,327007.0,PEBBLEBROOK HOTEL TRUST
LXP,LXP INDUSTRIAL TRUST,LXP,46.66,LXP INDUSTRIAL TRUST,0.05,6331072.0,137632.0,LXP INDUSTRIAL TRUST
FAMCA,FEDERAL AGRICULTURAL MORTGAGE CORP,AGM,144.42,FEDERAL AGRICULTURAL MORTGAGE CORP,0.05,6234599.45,298735.0,FEDERAL AGRICULTURAL MORTGAGE CORP
CODI,COMPASS DIVERSIFIED HOLDINGS,CODI,7.59,COMPASS DIVERSIFIED HOLDINGS,0.05,6203993.18,348931.0,COMPASS DIVERSIFIED HOLDINGS
ASB,ASSOCIATED BANC-CORP,ASB,24.9,ASSOCIATED BANC-CORP,0.05,6067729.2,301128.0,ASSOCIATED BANC-CORP
USM,UNITED STATES CELLULAR CORPORATION,USM,0.0,UNITED STATES CELLULAR CORPORATION,0.04,5921011.4,301172.0,UNITED STATES CELLULAR CORPORATION
ASB,ASSOCIATED BANC DEPOSITARY SHARES,ASB,24.9,ASSOCIATED BANC DEPOSITARY SHARES,0.04,5885455.9,284580.0,ASSOCIATED BANC DEPOSITARY SHARES
MHLD,MAIDEN HOLDINGS NORTH AMERICA LTD,MHNC,13.15,MAIDEN HOLDINGS NORTH AMERICA LTD,0.04,5461246.0,445816.0,MAIDEN HOLDINGS NORTH AMERICA LTD
USM,UNITED STATES CELLULAR CORPORATION,USM,0.0,UNITED STATES CELLULAR CORPORATION,0.04,5271558.24,297492.0,UNITED STATES CELLULAR CORPORATION
SHO,SUNSTONE HOTEL INVESTORS INC,SHO,9.01,SUNSTONE HOTEL INVESTORS INC,0.04,5139659.28,284588.0,SUNSTONE HOTEL INVESTORS INC
USD,USD CASH,USD,43.36,USD CASH,0.04,5129613.33,5129613.0,USD CASH
INN,SUMMIT HOTEL PROPERTIES INC,INN,4.3,SUMMIT HOTEL PROPERTIES INC,0.04,4866620.06,284596.0,SUMMIT HOTEL PROPERTIES INC
RC,READY CAPITAL CORP,RC,1.61,READY CAPITAL CORP,0.03,3879075.3,343281.0,READY CAPITAL CORP
MHLD,MAIDEN HOLDINGS LTD,MHNC,13.15,MAIDEN HOLDINGS LTD,0.03,3452602.75,322975.0,MAIDEN HOLDINGS LTD
BHR,BRAEMAR HOTEL & RESORTS INC,42V.F,1.83,BRAEMAR HOTEL & RESORTS INC,0.02,3150534.71,224557.0,BRAEMAR HOTEL & RESORTS INC
QRTEA,QURATE RETAIL .0 CUMULATIVE REDEEM,QRTEA,0.0,QURATE RETAIL .0 CUMULATIVE REDEEM,0.02,3035399.35,904739.0,QURATE RETAIL .0 CUMULATIVE REDEEM
SLNH,SOLUNA HOLDINGS INC,SLNH,0.62,SOLUNA HOLDINGS INC,0.02,2611266.0,373038.0,SOLUNA HOLDINGS INC
FOSL,FOSSIL GROUP INC,FOSL,4.01,FOSSIL GROUP INC,0.01,1088535.17,1174925.0,FOSSIL GROUP INC
